{
  "database_performance": {
    "california_schools": {
      "total": 89,
      "correct": 51,
      "accuracy": 57.30337078651685
    },
    "financial": {
      "total": 106,
      "correct": 62,
      "accuracy": 58.490566037735846
    },
    "toxicology": {
      "total": 145,
      "correct": 87,
      "accuracy": 60.0
    },
    "card_games": {
      "total": 191,
      "correct": 112,
      "accuracy": 58.63874345549738
    },
    "codebase_community": {
      "total": 186,
      "correct": 128,
      "accuracy": 68.81720430107528
    },
    "superhero": {
      "total": 129,
      "correct": 116,
      "accuracy": 89.92248062015504
    },
    "formula_1": {
      "total": 174,
      "correct": 98,
      "accuracy": 56.32183908045977
    },
    "european_football_2": {
      "total": 129,
      "correct": 90,
      "accuracy": 69.76744186046511
    },
    "thrombosis_prediction": {
      "total": 163,
      "correct": 98,
      "accuracy": 60.122699386503065
    },
    "student_club": {
      "total": 158,
      "correct": 128,
      "accuracy": 81.0126582278481
    },
    "debit_card_specializing": {
      "total": 64,
      "correct": 45,
      "accuracy": 70.3125
    }
  },
  "difficulty_performance": {
    "simple": {
      "total": 925,
      "correct": 669,
      "accuracy": 72.32432432432432
    },
    "moderate": {
      "total": 464,
      "correct": 272,
      "accuracy": 58.620689655172406
    },
    "challenging": {
      "total": 145,
      "correct": 74,
      "accuracy": 51.03448275862069
    }
  }
}