{
  "database_performance": {
    "california_schools": {
      "total": 89,
      "correct": 53,
      "accuracy": 59.55056179775281
    },
    "financial": {
      "total": 106,
      "correct": 70,
      "accuracy": 66.0377358490566
    },
    "toxicology": {
      "total": 145,
      "correct": 85,
      "accuracy": 58.620689655172406
    },
    "card_games": {
      "total": 191,
      "correct": 109,
      "accuracy": 57.06806282722513
    },
    "codebase_community": {
      "total": 186,
      "correct": 127,
      "accuracy": 68.27956989247312
    },
    "superhero": {
      "total": 129,
      "correct": 110,
      "accuracy": 85.27131782945736
    },
    "formula_1": {
      "total": 174,
      "correct": 101,
      "accuracy": 58.04597701149425
    },
    "european_football_2": {
      "total": 129,
      "correct": 92,
      "accuracy": 71.31782945736434
    },
    "thrombosis_prediction": {
      "total": 163,
      "correct": 94,
      "accuracy": 57.668711656441715
    },
    "student_club": {
      "total": 158,
      "correct": 135,
      "accuracy": 85.44303797468355
    },
    "debit_card_specializing": {
      "total": 64,
      "correct": 41,
      "accuracy": 64.0625
    }
  },
  "difficulty_performance": {
    "simple": {
      "total": 925,
      "correct": 677,
      "accuracy": 73.18918918918918
    },
    "moderate": {
      "total": 464,
      "correct": 267,
      "accuracy": 57.543103448275865
    },
    "challenging": {
      "total": 145,
      "correct": 73,
      "accuracy": 50.3448275862069
    }
  }
}