{
  "database_performance": {
    "california_schools": {
      "total": 89,
      "correct": 49,
      "accuracy": 55.0561797752809
    },
    "financial": {
      "total": 106,
      "correct": 61,
      "accuracy": 57.54716981132076
    },
    "toxicology": {
      "total": 145,
      "correct": 95,
      "accuracy": 65.51724137931035
    },
    "card_games": {
      "total": 191,
      "correct": 117,
      "accuracy": 61.25654450261781
    },
    "codebase_community": {
      "total": 186,
      "correct": 125,
      "accuracy": 67.20430107526882
    },
    "superhero": {
      "total": 129,
      "correct": 115,
      "accuracy": 89.14728682170544
    },
    "formula_1": {
      "total": 174,
      "correct": 101,
      "accuracy": 58.04597701149425
    },
    "european_football_2": {
      "total": 129,
      "correct": 91,
      "accuracy": 70.54263565891473
    },
    "thrombosis_prediction": {
      "total": 163,
      "correct": 87,
      "accuracy": 53.37423312883436
    },
    "student_club": {
      "total": 158,
      "correct": 134,
      "accuracy": 84.81012658227847
    },
    "debit_card_specializing": {
      "total": 64,
      "correct": 40,
      "accuracy": 62.5
    }
  },
  "difficulty_performance": {
    "simple": {
      "total": 925,
      "correct": 677,
      "accuracy": 73.18918918918918
    },
    "moderate": {
      "total": 464,
      "correct": 259,
      "accuracy": 55.81896551724138
    },
    "challenging": {
      "total": 145,
      "correct": 79,
      "accuracy": 54.48275862068965
    }
  }
}