{
  "database_performance": {
    "california_schools": {
      "total": 89,
      "correct": 55,
      "accuracy": 61.79775280898876
    },
    "financial": {
      "total": 106,
      "correct": 70,
      "accuracy": 66.0377358490566
    },
    "toxicology": {
      "total": 145,
      "correct": 100,
      "accuracy": 68.96551724137932
    },
    "card_games": {
      "total": 188,
      "correct": 116,
      "accuracy": 61.702127659574465
    },
    "codebase_community": {
      "total": 186,
      "correct": 134,
      "accuracy": 72.04301075268818
    },
    "superhero": {
      "total": 129,
      "correct": 113,
      "accuracy": 87.59689922480621
    },
    "formula_1": {
      "total": 174,
      "correct": 111,
      "accuracy": 63.793103448275865
    },
    "thrombosis_prediction": {
      "total": 163,
      "correct": 89,
      "accuracy": 54.601226993865026
    },
    "student_club": {
      "total": 158,
      "correct": 138,
      "accuracy": 87.34177215189874
    },
    "debit_card_specializing": {
      "total": 64,
      "correct": 42,
      "accuracy": 65.625
    }
  },
  "difficulty_performance": {
    "simple": {
      "total": 859,
      "correct": 638,
      "accuracy": 74.27240977881257
    },
    "moderate": {
      "total": 412,
      "correct": 258,
      "accuracy": 62.62135922330098
    },
    "challenging": {
      "total": 131,
      "correct": 72,
      "accuracy": 54.961832061068705
    }
  }
}