{
  "database_performance": {
    "california_schools": {
      "total": 89,
      "correct": 53,
      "accuracy": 59.55056179775281
    },
    "financial": {
      "total": 106,
      "correct": 66,
      "accuracy": 62.264150943396224
    },
    "toxicology": {
      "total": 145,
      "correct": 92,
      "accuracy": 63.44827586206897
    },
    "card_games": {
      "total": 191,
      "correct": 119,
      "accuracy": 62.30366492146597
    },
    "codebase_community": {
      "total": 186,
      "correct": 125,
      "accuracy": 67.20430107526882
    },
    "superhero": {
      "total": 129,
      "correct": 117,
      "accuracy": 90.69767441860465
    },
    "formula_1": {
      "total": 174,
      "correct": 103,
      "accuracy": 59.195402298850574
    },
    "european_football_2": {
      "total": 129,
      "correct": 91,
      "accuracy": 70.54263565891473
    },
    "thrombosis_prediction": {
      "total": 163,
      "correct": 89,
      "accuracy": 54.601226993865026
    },
    "student_club": {
      "total": 158,
      "correct": 128,
      "accuracy": 81.0126582278481
    },
    "debit_card_specializing": {
      "total": 64,
      "correct": 41,
      "accuracy": 64.0625
    }
  },
  "difficulty_performance": {
    "simple": {
      "total": 925,
      "correct": 679,
      "accuracy": 73.40540540540542
    },
    "moderate": {
      "total": 464,
      "correct": 265,
      "accuracy": 57.11206896551724
    },
    "challenging": {
      "total": 145,
      "correct": 80,
      "accuracy": 55.172413793103445
    }
  }
}