{
  "soccer_3": {
    "predicted_sql": {
      "count": 3900,
      "mean_time": 8.504549662272135e-05,
      "std_time": 9.735204536653433e-05,
      "min_time": 3.457069396972656e-05,
      "max_time": 0.0028145313262939453
    },
    "ground_truth_sql": {
      "count": 3900,
      "mean_time": 8.441674403655223e-05,
      "std_time": 7.371660561233362e-05,
      "min_time": 3.4332275390625e-05,
      "max_time": 0.002069234848022461
    }
  },
  "e_commerce": {
    "predicted_sql": {
      "count": 7500,
      "mean_time": 0.00011033430099487305,
      "std_time": 8.885126875716918e-05,
      "min_time": 6.628036499023438e-05,
      "max_time": 0.002878904342651367
    },
    "ground_truth_sql": {
      "count": 7500,
      "mean_time": 0.00012064399719238282,
      "std_time": 0.0011065107933417749,
      "min_time": 6.651878356933594e-05,
      "max_time": 0.09563755989074707
    }
  },
  "bbc_channels": {
    "predicted_sql": {
      "count": 1400,
      "mean_time": 7.901753698076521e-05,
      "std_time": 1.8861335643199392e-05,
      "min_time": 5.173683166503906e-05,
      "max_time": 0.00027251243591308594
    },
    "ground_truth_sql": {
      "count": 1400,
      "mean_time": 7.944754191807338e-05,
      "std_time": 5.57259175634469e-05,
      "min_time": 5.125999450683594e-05,
      "max_time": 0.0020623207092285156
    }
  },
  "tv_shows": {
    "predicted_sql": {
      "count": 1300,
      "mean_time": 7.911040232731746e-05,
      "std_time": 9.740216844664713e-05,
      "min_time": 5.2928924560546875e-05,
      "max_time": 0.0028533935546875
    },
    "ground_truth_sql": {
      "count": 1300,
      "mean_time": 7.712584275465745e-05,
      "std_time": 6.318236740010851e-05,
      "min_time": 5.245208740234375e-05,
      "max_time": 0.00168609619140625
    }
  },
  "vehicle_driver": {
    "predicted_sql": {
      "count": 3600,
      "mean_time": 8.779121769799127e-05,
      "std_time": 9.234404614745655e-05,
      "min_time": 4.506111145019531e-05,
      "max_time": 0.0027456283569335938
    },
    "ground_truth_sql": {
      "count": 3600,
      "mean_time": 8.836090564727783e-05,
      "std_time": 0.00011227217962864742,
      "min_time": 4.506111145019531e-05,
      "max_time": 0.0024852752685546875
    }
  },
  "online_exams": {
    "predicted_sql": {
      "count": 3900,
      "mean_time": 0.0001005850082788712,
      "std_time": 8.758894830028333e-05,
      "min_time": 6.151199340820312e-05,
      "max_time": 0.002723217010498047
    },
    "ground_truth_sql": {
      "count": 3900,
      "mean_time": 9.512516168447642e-05,
      "std_time": 1.835550718589951e-05,
      "min_time": 6.198883056640625e-05,
      "max_time": 0.00030303001403808594
    }
  },
  "customers_and_orders": {
    "predicted_sql": {
      "count": 7800,
      "mean_time": 8.879591257144244e-05,
      "std_time": 9.843230555110233e-05,
      "min_time": 4.76837158203125e-05,
      "max_time": 0.00410151481628418
    },
    "ground_truth_sql": {
      "count": 7800,
      "mean_time": 8.5296569726406e-05,
      "std_time": 6.154549958931564e-05,
      "min_time": 4.649162292480469e-05,
      "max_time": 0.002633810043334961
    }
  },
  "region_building": {
    "predicted_sql": {
      "count": 3900,
      "mean_time": 7.293377167139298e-05,
      "std_time": 1.8966742465705573e-05,
      "min_time": 3.814697265625e-05,
      "max_time": 0.00024390220642089844
    },
    "ground_truth_sql": {
      "count": 3900,
      "mean_time": 7.232769941672301e-05,
      "std_time": 2.862623809315464e-05,
      "min_time": 3.6716461181640625e-05,
      "max_time": 0.00146484375
    }
  },
  "government_shift": {
    "predicted_sql": {
      "count": 2800,
      "mean_time": 9.92922272000994e-05,
      "std_time": 7.220570644655387e-05,
      "min_time": 5.745887756347656e-05,
      "max_time": 0.0029053688049316406
    },
    "ground_truth_sql": {
      "count": 2800,
      "mean_time": 9.453398840767996e-05,
      "std_time": 2.2315036494004774e-05,
      "min_time": 5.555152893066406e-05,
      "max_time": 0.00027942657470703125
    }
  },
  "vehicle_rent": {
    "predicted_sql": {
      "count": 4100,
      "mean_time": 8.392113011057784e-05,
      "std_time": 1.91603981928185e-05,
      "min_time": 5.14984130859375e-05,
      "max_time": 0.0002589225769042969
    },
    "ground_truth_sql": {
      "count": 4100,
      "mean_time": 8.48876557699064e-05,
      "std_time": 5.392581502629166e-05,
      "min_time": 4.8160552978515625e-05,
      "max_time": 0.0026865005493164062
    }
  },
  "cre_Students_Information_Systems": {
    "predicted_sql": {
      "count": 6000,
      "mean_time": 0.00014522063732147218,
      "std_time": 8.649076017356363e-05,
      "min_time": 9.512901306152344e-05,
      "max_time": 0.0031659603118896484
    },
    "ground_truth_sql": {
      "count": 6000,
      "mean_time": 0.00014245271682739258,
      "std_time": 7.305520372942142e-05,
      "min_time": 9.465217590332031e-05,
      "max_time": 0.004347801208496094
    }
  },
  "book_1": {
    "predicted_sql": {
      "count": 7500,
      "mean_time": 0.00010438804626464843,
      "std_time": 6.824379741449929e-05,
      "min_time": 5.7697296142578125e-05,
      "max_time": 0.003042459487915039
    },
    "ground_truth_sql": {
      "count": 7500,
      "mean_time": 0.00010122200647989908,
      "std_time": 2.3470254569188856e-05,
      "min_time": 5.698204040527344e-05,
      "max_time": 0.0004322528839111328
    }
  },
  "book_review": {
    "predicted_sql": {
      "count": 1900,
      "mean_time": 6.406369962190327e-05,
      "std_time": 1.8045960606175514e-05,
      "min_time": 3.910064697265625e-05,
      "max_time": 0.00021076202392578125
    },
    "ground_truth_sql": {
      "count": 1900,
      "mean_time": 6.437213797318308e-05,
      "std_time": 1.859298805008574e-05,
      "min_time": 3.886222839355469e-05,
      "max_time": 0.0002071857452392578
    }
  },
  "restaurant_bills": {
    "predicted_sql": {
      "count": 2900,
      "mean_time": 7.868840776640794e-05,
      "std_time": 9.727875762458599e-05,
      "min_time": 4.506111145019531e-05,
      "max_time": 0.0027871131896972656
    },
    "ground_truth_sql": {
      "count": 2900,
      "mean_time": 7.370052666499698e-05,
      "std_time": 1.706865482972284e-05,
      "min_time": 4.291534423828125e-05,
      "max_time": 0.00025534629821777344
    }
  },
  "club_leader": {
    "predicted_sql": {
      "count": 1300,
      "mean_time": 6.295460921067458e-05,
      "std_time": 1.2979583192833026e-05,
      "min_time": 4.315376281738281e-05,
      "max_time": 0.00015783309936523438
    },
    "ground_truth_sql": {
      "count": 1300,
      "mean_time": 6.240037771371695e-05,
      "std_time": 1.3060147233739874e-05,
      "min_time": 4.2438507080078125e-05,
      "max_time": 0.00014638900756835938
    }
  },
  "cre_Doc_and_collections": {
    "predicted_sql": {
      "count": 6100,
      "mean_time": 9.95607063418529e-05,
      "std_time": 4.610725365210997e-05,
      "min_time": 6.270408630371094e-05,
      "max_time": 0.002420663833618164
    },
    "ground_truth_sql": {
      "count": 6100,
      "mean_time": 9.904568312598056e-05,
      "std_time": 5.211112069021024e-05,
      "min_time": 6.318092346191406e-05,
      "max_time": 0.0028345584869384766
    }
  },
  "sing_contest": {
    "predicted_sql": {
      "count": 2000,
      "mean_time": 8.131730556488037e-05,
      "std_time": 8.860793299356533e-05,
      "min_time": 4.6253204345703125e-05,
      "max_time": 0.002231597900390625
    },
    "ground_truth_sql": {
      "count": 2000,
      "mean_time": 7.670760154724121e-05,
      "std_time": 1.8239784497456e-05,
      "min_time": 4.649162292480469e-05,
      "max_time": 0.00018286705017089844
    }
  },
  "address_1": {
    "predicted_sql": {
      "count": 6800,
      "mean_time": 9.823094396030201e-05,
      "std_time": 6.417597259550637e-05,
      "min_time": 4.172325134277344e-05,