{
  "database_performance": {
    "california_schools": {
      "total": 23,
      "correct": 15,
      "accuracy": 65.21739130434783
    },
    "financial": {
      "total": 25,
      "correct": 17,
      "accuracy": 68.0
    },
    "toxicology": {
      "total": 31,
      "correct": 21,
      "accuracy": 67.74193548387096
    },
    "card_games": {
      "total": 29,
      "correct": 23,
      "accuracy": 79.3103448275862
    },
    "codebase_community": {
      "total": 24,
      "correct": 16,
      "accuracy": 66.66666666666666
    },
    "superhero": {
      "total": 30,
      "correct": 26,
      "accuracy": 86.66666666666667
    },
    "formula_1": {
      "total": 29,
      "correct": 16,
      "accuracy": 55.172413793103445
    },
    "thrombosis_prediction": {
      "total": 31,
      "correct": 17,
      "accuracy": 54.83870967741935
    },
    "student_club": {
      "total": 27,
      "correct": 22,
      "accuracy": 81.48148148148148
    },
    "debit_card_specializing": {
      "total": 22,
      "correct": 12,
      "accuracy": 54.54545454545454
    }
  },
  "difficulty_performance": {
    "simple": {
      "total": 91,
      "correct": 72,
      "accuracy": 79.12087912087912
    },
    "moderate": {
      "total": 91,
      "correct": 60,
      "accuracy": 65.93406593406593
    },
    "challenging": {
      "total": 89,
      "correct": 53,
      "accuracy": 59.55056179775281
    }
  }
}