{
  "soccer_3": {
    "predicted_sql": {
      "count": 3700,
      "mean_time": 8.035305384043101e-05,
      "std_time": 8.903259102578412e-05,
      "min_time": 3.910064697265625e-05,
      "max_time": 0.002631664276123047
    },
    "ground_truth_sql": {
      "count": 3700,
      "mean_time": 7.958328401720202e-05,
      "std_time": 0.00010377547089952459,
      "min_time": 4.00543212890625e-05,
      "max_time": 0.002722501754760742
    }
  },
  "e_commerce": {
    "predicted_sql": {
      "count": 6700,
      "mean_time": 0.00010936039597240846,
      "std_time": 7.2222634340617e-05,
      "min_time": 6.937980651855469e-05,
      "max_time": 0.0031890869140625
    },
    "ground_truth_sql": {
      "count": 6700,
      "mean_time": 0.00012213208782139108,
      "std_time": 0.0010794845193351004,
      "min_time": 6.914138793945312e-05,
      "max_time": 0.0881352424621582
    }
  },
  "bbc_channels": {
    "predicted_sql": {
      "count": 1400,
      "mean_time": 7.20029217856271e-05,
      "std_time": 1.733198708267357e-05,
      "min_time": 4.9114227294921875e-05,
      "max_time": 0.00022864341735839844
    },
    "ground_truth_sql": {
      "count": 1400,
      "mean_time": 7.171154022216796e-05,
      "std_time": 5.1549983221518685e-05,
      "min_time": 4.9114227294921875e-05,
      "max_time": 0.00189971923828125
    }
  },
  "tv_shows": {
    "predicted_sql": {
      "count": 1300,
      "mean_time": 8.899633701031024e-05,
      "std_time": 8.922386070976032e-05,
      "min_time": 5.53131103515625e-05,
      "max_time": 0.002226114273071289
    },
    "ground_truth_sql": {
      "count": 1300,
      "mean_time": 8.256013576801007e-05,
      "std_time": 1.8749692885569527e-05,
      "min_time": 5.3882598876953125e-05,
      "max_time": 0.0002048015594482422
    }
  },
  "vehicle_driver": {
    "predicted_sql": {
      "count": 3700,
      "mean_time": 7.85678141825908e-05,
      "std_time": 3.7847959944885414e-05,
      "min_time": 4.458427429199219e-05,
      "max_time": 0.0019342899322509766
    },
    "ground_truth_sql": {
      "count": 3700,
      "mean_time": 8.180476523734428e-05,
      "std_time": 0.00011679997754343188,
      "min_time": 4.410743713378906e-05,
      "max_time": 0.0034008026123046875
    }
  },
  "online_exams": {
    "predicted_sql": {
      "count": 3700,
      "mean_time": 9.994023555033916e-05,
      "std_time": 8.558853131985025e-05,
      "min_time": 6.651878356933594e-05,
      "max_time": 0.002758026123046875
    },
    "ground_truth_sql": {
      "count": 3700,
      "mean_time": 9.896136618949271e-05,
      "std_time": 9.430031877455416e-05,
      "min_time": 6.628036499023438e-05,
      "max_time": 0.0033965110778808594
    }
  },
  "customers_and_orders": {
    "predicted_sql": {
      "count": 7800,
      "mean_time": 8.363042122278458e-05,
      "std_time": 7.252836026576876e-05,
      "min_time": 4.673004150390625e-05,
      "max_time": 0.002457857131958008
    },
    "ground_truth_sql": {
      "count": 7800,
      "mean_time": 8.057774641574957e-05,
      "std_time": 5.1866261435585075e-05,
      "min_time": 4.649162292480469e-05,
      "max_time": 0.0020608901977539062
    }
  },
  "region_building": {
    "predicted_sql": {
      "count": 3800,
      "mean_time": 6.823238573576274e-05,
      "std_time": 3.6138809444519325e-05,
      "min_time": 3.7670135498046875e-05,
      "max_time": 0.0020439624786376953
    },
    "ground_truth_sql": {
      "count": 3800,
      "mean_time": 6.691706807989823e-05,
      "std_time": 1.606565636429034e-05,
      "min_time": 3.838539123535156e-05,
      "max_time": 0.00018024444580078125
    }
  },
  "government_shift": {
    "predicted_sql": {
      "count": 2700,
      "mean_time": 9.186312004371925e-05,
      "std_time": 2.4182038955531814e-05,
      "min_time": 5.7220458984375e-05,
      "max_time": 0.00035071372985839844
    },
    "ground_truth_sql": {
      "count": 2700,
      "mean_time": 9.008963902791341e-05,
      "std_time": 2.143886931981968e-05,
      "min_time": 5.53131103515625e-05,
      "max_time": 0.0001914501190185547
    }
  },
  "vehicle_rent": {
    "predicted_sql": {
      "count": 4000,
      "mean_time": 8.378809690475464e-05,
      "std_time": 4.663822064380217e-05,
      "min_time": 4.9591064453125e-05,
      "max_time": 0.001999378204345703
    },
    "ground_truth_sql": {
      "count": 4000,
      "mean_time": 8.3060622215271e-05,
      "std_time": 2.0665274638299806e-05,
      "min_time": 4.839897155761719e-05,
      "max_time": 0.00025725364685058594
    }
  },
  "cre_Students_Information_Systems": {
    "predicted_sql": {
      "count": 5500,
      "mean_time": 0.00014822335676713423,
      "std_time": 0.00014539067569068582,
      "min_time": 9.202957153320312e-05,
      "max_time": 0.0038411617279052734
    },
    "ground_truth_sql": {
      "count": 5500,
      "mean_time": 0.00014167408509687944,
      "std_time": 7.750645539140716e-05,
      "min_time": 9.322166442871094e-05,
      "max_time": 0.003113985061645508
    }
  },
  "book_1": {
    "predicted_sql": {
      "count": 7400,
      "mean_time": 0.00010117691916388434,
      "std_time": 2.4463863676788e-05,
      "min_time": 5.9604644775390625e-05,
      "max_time": 0.0003726482391357422
    },
    "ground_truth_sql": {
      "count": 7400,
      "mean_time": 9.933375023506783e-05,
      "std_time": 2.301881037677567e-05,
      "min_time": 5.888938903808594e-05,
      "max_time": 0.0003554821014404297
    }
  },
  "book_review": {
    "predicted_sql": {
      "count": 1900,
      "mean_time": 6.679672943918328e-05,
      "std_time": 1.6379957101425936e-05,
      "min_time": 4.124641418457031e-05,
      "max_time": 0.00018262863159179688
    },
    "ground_truth_sql": {
      "count": 1900,
      "mean_time": 6.610230395668431e-05,
      "std_time": 1.513725195584203e-05,
      "min_time": 4.1484832763671875e-05,
      "max_time": 0.00018668174743652344
    }
  },
  "restaurant_bills": {
    "predicted_sql": {
      "count": 2800,
      "mean_time": 7.451730115073067e-05,
      "std_time": 4.1666221931573695e-05,
      "min_time": 4.3392181396484375e-05,
      "max_time": 0.0020475387573242188
    },
    "ground_truth_sql": {
      "count": 2800,
      "mean_time": 7.485185350690569e-05,
      "std_time": 6.737632684537875e-05,
      "min_time": 4.124641418457031e-05,
      "max_time": 0.0025222301483154297
    }
  },
  "club_leader": {
    "predicted_sql": {
      "count": 1300,
      "mean_time": 6.695508956909179e-05,
      "std_time": 1.5601864839685582e-05,
      "min_time": 4.291534423828125e-05,
      "max_time": 0.00019216537475585938
    },
    "ground_truth_sql": {
      "count": 1300,
      "mean_time": 7.02069355891301e-05,
      "std_time": 8.913780527656678e-05,
      "min_time": 4.291534423828125e-05,
      "max_time": 0.002000093460083008
    }
  },
  "cre_Doc_and_collections": {
    "predicted_sql": {
      "count": 5800,
      "mean_time": 9.724436135127627e-05,
      "std_time": 2.025042589892536e-05,
      "min_time": 6.103515625e-05,
      "max_time": 0.00024437904357910156
    },
    "ground_truth_sql": {
      "count": 5800,
      "mean_time": 9.781611376795275e-05,
      "std_time": 4.708424777600562e-05,
      "min_time": 6.127357482910156e-05,
      "max_time": 0.0024480819702148438
    }
  },
  "sing_contest": {
    "predicted_sql": {
      "count": 1800,
      "mean_time": 7.462938626607259e-05,
      "std_time": 4.3550122960013456e-05,
      "min_time": 4.506111145019531e-05,
      "max_time": 0.0017442703247070312
    },
    "ground_truth_sql": {
      "count": 1800,
      "mean_time": 7.657554414537218e-05,
      "std_time": 9.639066958113047e-05,
      "min_time": 4.6253204345703125e-05,
      "max_time": 0.0025763511657714844
    }
  },
  "address_1": {
    "predicted_sql": {
      "count": 6800,
      "mean_time": 9.265359710244572e-05,
      "std_time": 3.5572767132105016e-05,
      "min_time": 4.673004150390625e-05,